Workbook
Name description: Inclusive!$E$42
Name distributors: Inclusive!$E$278
Name learn: Inclusive!$E$70

Sheet Inclusive
A1: Value | B1: Designator | C1: Manufacture | D1: Mnf Part # | E1: Digikey Part | F1: JLC Part # | G1: LCSC Part # | H1: Foot | J1: Number | K1: SMT | L1: Through | M1: #SMT | N1: #through
A2: 2.2 ohm | B2: R2, R10 | C2: Yageo | D2: RC1206FR-072R2L | E2: 311-2.20FRCT-ND | F2: C2907445 | H2: R1206 | I2: 0.0492 | J2: 2 | K2: 1 | M2: =Table1[[#This Row],[Per Qty]]*Table1[[#This Row],[SMT]] -> 2 | N2: =Table1[[#This Row],[Per Qty]]*Table1[[#This Row],[Through]] -> 0
A3: 39 ohm | B3: R1, R4, R13 | C3: Panasonic | D3: ERJ-8GEYJ390V | E3: P39ECT-ND | F3: C25379 | H3: R1206 | I3: 0.0266 | J3: 3 | K3: 1 | M3: =Table1[[#This Row],[Per Qty]]*Table1[[#This Row],[SMT]] -> 3 | N3: =Table1[[#This Row],[Per Qty]]*Table1[[#This Row],[Through]] -> 0
A4: 100 ohms | B4: R12 | C4: Panasonic | D4: ERJ-8GEYJ101V | E4: P100ECT-ND | F4: C17901 | H4: R1206 | I4: 0.0266 | J4: 1 | K4: 1 | M4: =Table1[[#This Row],[Per Qty]]*Table1[[#This Row],[SMT]] -> 1 | N4: =Table1[[#This Row],[Per Qty]]*Table1[[#This Row],[Through]] -> 0
A5: 300 ohm | B5: R8 | C5: Panasonic | D5: ERJ-8GEYJ301V | E5: P300ECT-ND | F5: C17887 | H5: R1206 | I5: 0.0266 | J5: 1 | K5: 1 | M5: =Table1[[#This Row],[Per Qty]]*Table1[[#This Row],[SMT]] -> 1 | N5: =Table1[[#This Row],[Per Qty]]*Table1[[#This Row],[Through]] -> 0
A6: 910 ohm | B6: R11, R14, R22 | C6: Panasonic | D6: ERJ-8GEYJ911V | E6: P910ECT-ND | F6: C2930433 | H6: R1206 | I6: 0.0266 | J6: 3 | K6: 1 | M6: =Table1[[#This Row],[Per Qty]]*Table1[[#This Row],[SMT]] -> 3 | N6: =Table1[[#This Row],[Per Qty]]*Table1[[#This Row],[Through]] -> 0
A7: 2.2k ohm | B7: R3, R15, R16 | C7: Panasonic | D7: ERJ-8GEYJ222V | E7: P2.20KFCT-ND | F7: C17948 | H7: R1206 | I7: 0.0341 | J7: 3 | K7: 1 | M7: =Table1[[#This Row],[Per Qty]]*Table1[[#This Row],[SMT]] -> 3 | N7: =Table1[[#This Row],[Per Qty]]*Table1[[#This Row],[Through]] -> 0
A8: 10k ohm | B8: R5, R6, R7, R18, R19, R20, R21, R23 | C8: Vishay Dale | D8: CRCW120610K0FKEAC | E8: 541-3983-1-ND | F8: C17902 | H8: R1206 | I8: 0.0281 | J8: 8 | K8: 1 | M8: =Table1[[#This Row],[Per Qty]]*Table1[[#This Row],[SMT]] -> 8 | N8: =Table1[[#This Row],[Per Qty]]*Table1[[#This Row],[Through]] -> 0
A9: 1M ohm | B9: R9 | C9: Panasonic | D9: ERJ-8GEYJ105V | E9: P1.0MECT-ND | F9: C17927 | H9: R1206 | I9: 0.0266 | J9: 1 | K9: 1 | M9: =Table1[[#This Row],[Per Qty]]*Table1[[#This Row],[SMT]] -> 1 | N9: =Table1[[#This Row],[Per Qty]]*Table1[[#This Row],[Through]] -> 0
M10: =Table1[[#This Row],[Per Qty]]*Table1[[#This Row],[SMT]] -> 0 | N10: =Table1[[#This Row],[Per Qty]]*Table1[[#This Row],[Through]] -> 0
A11: PTC fuse | B11: F2 | C11: LittleFuse | D11: 1206L012WR | E11: F2864CT-ND | F11: C142747 | H11: R1206 | I11: 0.3315 | J11: 1 | K11: 1 | M11: =Table1[[#This Row],[Per Qty]]*Table1[[#This Row],[SMT]] -> 1 | N11: =Table1[[#This Row],[Per Qty]]*Table1[[#This Row],[Through]] -> 0
A12: 47pF | B12: C2, C4, C13 | C12: Kemet | D12: C1206C470K5GACTU | E12: 399-8191-1-ND | F12: C5137553 | H12: C1206 | I12: 0.0644 | J12: 3 | K12: 1 | M12: =Table1[[#This Row],[Per Qty]]*Table1[[#This Row],[SMT]] -> 3 | N12: =Table1[[#This Row],[Per Qty]]*Table1[[#This Row],[Through]] -> 0
A13: 0.1uF | B13: C3, C5, C6, C8, C11, C14, C16, C17, C18 | C13: Samsung | D13: CL31B104KBCNNNC | E13: 1276-1017-1-ND | F13: C24497 | H13: C1206 | I13: 0.03272 | J13: 7 | K13: 1 | M13: =Table1[[#This Row],[Per Qty]]*Table1[[#This Row],[SMT]] -> 7 | N13: =Table1[[#This Row],[Per Qty]]*Table1[[#This Row],[Through]] -> 0
A14: 1uF | B14: C10, C15, C19 | C14: Samsung | D14: CL31B105KOFNNNE | E14: 1276-1783-1-ND | F14: C1848 | H14: C1206 | I14: 0.0534 | J14: 3 | K14: 1 | M14: =Table1[[#This Row],[Per Qty]]*Table1[[#This Row],[SMT]] -> 3 | N14: =Table1[[#This Row],[Per Qty]]*Table1[[#This Row],[Through]] -> 0
A15: 10uF | B15: C1, C7, C9, C12 | C15: Samsung | D15: CL31A106KQHNNNE | E15: 1276-1079-1-ND | F15: C13585 | H15: C1206 | I15: 0.0513 | J15: 4 | K15: 1 | M15: =Table1[[#This Row],[Per Qty]]*Table1[[#This Row],[SMT]] -> 4 | N15: =Table1[[#This Row],[Per Qty]]*Table1[[#This Row],[Through]] -> 0
M16: =Table1[[#This Row],[Per Qty]]*Table1[[#This Row],[SMT]] -> 0 | N16: =Table1[[#This Row],[Per Qty]]*Table1[[#This Row],[Through]] -> 0
A17: M02LOCK | B17: 5V, JP2, JP7, JP3 | C17: Molex | D17: 901200122 | E17: WM8072-ND | H17: 0.1" header | I17: 0.7775 | J17: 4 | L17: 1 | M17: =Table1[[#This Row],[Per Qty]]*Table1[[#This Row],[SMT]] -> 0 | N17: =Table1[[#This Row],[Per Qty]]*Table1[[#This Row],[Through]] -> 4
A18: M03LOCK | B18: JP4 | C18: Molex | D18: 901200123 | E18: WM8073-ND | H18: 0.1" header | I18: 0.7775 | J18: 1 | L18: 1 | M18: =Table1[[#This Row],[Per Qty]]*Table1[[#This Row],[SMT]] -> 0 | N18: =Table1[[#This Row],[Per Qty]]*Table1[[#This Row],[Through]] -> 1
A19: M06LOCK | B19: JP10, JP12 | C19: Molex | D19: 901200126 | E19: WM8076-ND | H19: 0.1" header | I19: 0.74 | J19: 2 | L19: 1 | M19: =Table1[[#This Row],[Per Qty]]*Table1[[#This Row],[SMT]] -> 0 | N19: =Table1[[#This Row],[Per Qty]]*Table1[[#This Row],[Through]] -> 2
A20: Right | B20: JP11 | C20: FCI | D20: 22288061 | E20: WM50025-06-ND | H20: 0.1" header | I20: 1.137 | J20: 1 | L20: 1 | M20: =Table1[[#This Row],[Per Qty]]*Table1[[#This Row],[SMT]] -> 0 | N20: =Table1[[#This Row],[Per Qty]]*Table1[[#This Row],[Through]] -> 1
A21: Mini USB conn | B21: X1 | C21: Tyco | D21: 1734035-2 | E21: A31727CT-ND | F21: C91144 | H21: Custom | I21: 1.404 | J21: 1 | K21: 1 | M21: =Table1[[#This Row],[Per Qty]]*Table1[[#This Row],[SMT]] -> 1 | N21: =Table1[[#This Row],[Per Qty]]*Table1[[#This Row],[Through]] -> 0
A22: 2x4 header | B22: JP8, JP9 | C22: FCI | D22: 67997-108HLF | E22: 609-3226-ND | H22: 2x4 | I22: 0.3577 | J22: 2 | L22: 1 | M22: =Table1[[#This Row],[Per Qty]]*Table1[[#This Row],[SMT]] -> 0 | N22: =Table1[[#This Row],[Per Qty]]*Table1[[#This Row],[Through]] -> 2
A23: Tactile Switch SPST-NO Top Actuated Surface Mount | B23: BOT, RESET, TOP | C23: C&K | D23: PTS526 SMG15 SMTR2 LFS | E23: CKN12222-1-ND | F23: C5342990 | G23: C455262 | H23: 5.2mm | I23: 0.0824 | J23: 3 | K23: 1 | M23: =Table1[[#This Row],[Per Qty]]*Table1[[#This Row],[SMT]] -> 3 | N23: =Table1[[#This Row],[Per Qty]]*Table1[[#This Row],[Through]] -> 0
A24: Electric Mic | B24: MICROPHONE | C24: CUI | D24: CMA-6542PF | E24: 102-1720-ND | H24: 9.7mm | I24: 0.529 | J24: 1 | L24: 1 | M24: =Table1[[#This Row],[Per Qty]]*Table1[[#This Row],[SMT]] -> 0 | N24: =Table1[[#This Row],[Per Qty]]*Table1[[#This Row],[Through]] -> 1
A25: Terminal Block | B25: SPEAKER | C25: Phoenix Contact | D25: part# 1725656 | E25: 277-1273-ND | H25: Custom | I25: 1.4718 | J25: 1 | L25: 1 | M25: =Table1[[#This Row],[Per Qty]]*Table1[[#This Row],[SMT]] -> 0 | N25: =Table1[[#This Row],[Per Qty]]*Table1[[#This Row],[Through]] -> 1
M26: =Table1[[#This Row],[Per Qty]]*Table1[[#This Row],[SMT]] -> 0 | N26: =Table1[[#This Row],[Per Qty]]*Table1[[#This Row],[Through]] -> 0
A27: PIC 18F25K22 | B27: PIC18F25K22 | C27: Microchips | D27: PIC18F25K22-I/SS | E27: PIC18F25K22-I/SS-ND | F27: C51680 | H27: 28-SSOP | I27: 2.18 | J27: 1 | K27: 1 | M27: =Table1[[#This Row],[Per Qty]]*Table1[[#This Row],[SMT]] -> 1 | N27: =Table1[[#This Row],[Per Qty]]*Table1[[#This Row],[Through]] -> 0
A28: Serial USB bridge | B28: IC2 | C28: Future Tech | D28: FT230XS-R | E28: 768-1135-1-ND | F28: C69082 | H28: 16-SSOP | I28: 1.9 | J28: 1 | K28: 1 | M28: =Table1[[#This Row],[Per Qty]]*Table1[[#This Row],[SMT]] -> 1 | N28: =Table1[[#This Row],[Per Qty]]*Table1[[#This Row],[Through]] -> 0
A29: GP Opamp | B29: IC1, IC4 | C29: Texas | D29: OPA344NA/250 | E29: OPA344NACT-ND | F29: C131974 | G29: C131974 | H29: SOT23-5 | I29: 1.048 | J29: 2 | K29: 1 | M29: =Table1[[#This Row],[Per Qty]]*Table1[[#This Row],[SMT]] -> 2 | N29: =Table1[[#This Row],[Per Qty]]*Table1[[#This Row],[Through]] -> 0
A30: 2N2222 NPN | B30: Q1 | C30: Diodes Incorporated | D30: MMBT2222A-7-F | E30: MMBT2222A-FDICT-ND | F30: C2898686 | G30: C2898686 | H30: SOT-23 | I30: 0.05 | J30: 1 | K30: 1 | M30: =Table1[[#This Row],[Per Qty]]*Table1[[#This Row],[SMT]] -> 1 | N30: =Table1[[#This Row],[Per Qty]]*Table1[[#This Row],[Through]] -> 0
A31: Linear Voltage Regulator IC 1 Output 250mA SOT-23A-3 | B31: MCP1703 | C31: Microchips | D31: MCP1703T-3302E/CB | E31: MCP1703T-3302E/CBCT-ND | F31: C50754 | G31: C51118 | H31: SOT-23 | I31: 0.41 | J31: 1 | K31: 1 | M31: =Table1[[#This Row],[Per Qty]]*Table1[[#This Row],[SMT]] -> 1 | N31: =Table1[[#This Row],[Per Qty]]*Table1[[#This Row],[Through]] -> 0
A32: Audio Amp | B32: IC6 | C32: TI | D32: LM4862MX/NOPB | E32: LM4862MX/NOPBCT-ND | F32: C2860743 | G32: C7494970 | H32: 8 SOIC | I32: 0.8321 | J32: 1 | K32: 1 | M32: =Table1[[#This Row],[Per Qty]]*Table1[[#This Row],[SMT]] -> 1 | N32: =Table1[[#This Row],[Per Qty]]*Table1[[#This Row],[Through]] -> 0
A33: 38kHz remote | B33: IR1 | C33: Vishay | D33: TSOP34438 | E33: TSOP34438-ND | F33: C2984261 | H33: custom | I33: 0.704 | J33: 1 | K33: 1 | M33: =Table1[[#This Row],[Per Qty]]*Table1[[#This Row],[SMT]] -> 1 | N33: =Table1[[#This Row],[Per Qty]]*Table1[[#This Row],[Through]] -> 0
A34: Green SM | B34: LED3 | C34: Lite-On | D34: LTST-C150GKT | E34: 160-1169-1-ND | F34: C434442 | G34: C434442 | H34: D1206 | I34: 0.1085 | J34: 1 | K34: 1 | M34: =Table1[[#This Row],[Per Qty]]*Table1[[#This Row],[SMT]] -> 1 | N34: =Table1[[#This Row],[Per Qty]]*Table1[[#This Row],[Through]] -> 0
A35: Red SM | B35: LED6 | C35: Lumex | D35: SML-LX1206SRC-TR | E35: 67-1359-1-ND | F35: C375458 | G35: C375458 | H35: D1206 | I35: 0.1219 | J35: 1 | K35: 1 | M35: =Table1[[#This Row],[Per Qty]]*Table1[[#This Row],[SMT]] -> 1 | N35: =Table1[[#This Row],[Per Qty]]*Table1[[#This Row],[Through]] -> 0
A36: IR LED | B36: LED5 | C36: OSRAM | D36: SFH 4045N | E36: 475-3047-6-ND | F36: C5355897 | G36: C2764887 | H36: D1206 | I36: 0.3743 | J36: 1 | K36: 1 | M36: =Table1[[#This Row],[Per Qty]]*Table1[[#This Row],[SMT]] -> 1 | N36: =Table1[[#This Row],[Per Qty]]*Table1[[#This Row],[Through]] -> 0
A37: RGB LED | B37: LED4 | C37: Cree | D37: CLVBA-FKA-CAEDH8BBB7A363 | E37: CLVBA-FKA-CAEDH8BBB7A363CT-ND | F37: C962159 | G37: C5355897 | H37: 4-PLCC | I37: 0.3648 | J37: 1 | K37: 1 | M37: =Table1[[#This Row],[Per Qty]]*Table1[[#This Row],[SMT]] -> 1 | N37: =Table1[[#This Row],[Per Qty]]*Table1[[#This Row],[Through]] -> 0
A38: Hall Effect | B38: IC3 | C38: Texas | D38: DRV5053CAQDBZT | E38: 296-46086-1-ND | H38: SOT-23-3 | I38: 0.8639 | J38: 1 | K38: 1 | M38: =Table1[[#This Row],[Per Qty]]*Table1[[#This Row],[SMT]] -> 1 | N38: =Table1[[#This Row],[Per Qty]]*Table1[[#This Row],[Through]] -> 0
C41: =COUNTA(Table1[Manf]) -> 34 | J41: =SUM(Table1[Per Qty]) -> 69 | M41: =SUM(Table1[Column1]) -> 57 | N41: =SUM(Table1[Column2]) -> 12

Sheet JLCPCB
A1: Comment | B1: Designator | C1: Footprint | D1: Part
A2: 2.2 ohm | B2: R2, R10 | C2: 1206R | D2: =Table1[[#This Row],[Column5]] -> C2907445
A3: 39 ohm | B3: R1, R4, R13 | C3: 1206R | D3: =Table1[[#This Row],[Column5]] -> C25379
A4: 100 ohms | B4: R12 | C4: 1206R | D4: =Table1[[#This Row],[Column5]] -> C17901
A5: 300 ohm | B5: R8 | C5: 1206R | D5: =Table1[[#This Row],[Column5]] -> C17887
A6: 910 ohm | B6: R11, R14, R22 | C6: 1206R | D6: =Table1[[#This Row],[Column5]] -> C2930433
A7: 2.2k ohm | B7: R3, R15, R16 | C7: 1206R | D7: =Table1[[#This Row],[Column5]] -> C17948
A8: 10k ohm | B8: R5, R6, R7, R18, R19, R20, R21, R23 | C8: 1206R | D8: =Table1[[#This Row],[Column5]] -> C17902
A9: 1M ohm | B9: R9 | C9: 1206R | D9: =Table1[[#This Row],[Column5]] -> C17927
A11: PTC fuse | B11: F2 | C11: 1206R | D11: =Table1[[#This Row],[Column5]] -> C142747
A12: 47pF | B12: C2, C4, C13 | C12: 1206C | D12: =Table1[[#This Row],[Column5]] -> C5137553
A13: 0.1uF | B13: C3, C5, C6, C8, C11, C14, C16, C17, C18 | C13: 1206C | D13: =Table1[[#This Row],[Column5]] -> C24497
A14: 1uF | B14: C10, C15, C19 | C14: 1206C | D14: =Table1[[#This Row],[Column5]] -> C1848
A15: 10uF | B15: C1, C7, C9, C12 | C15: 1206C | D15: =Table1[[#This Row],[Column5]] -> C13585
A17: Tactile Switch SPST-NO Top Actuated Surface Mount | B17: BOT, RESET, TOP | C17: 5.2*5.2 | D17: =Inclusive!F23 -> C5342990
A18: USB | B18: X1 | C18: Custom | D18: =Inclusive!F21 -> C91144
A20: PIC 18F25K22 | B20: PIC18F25K22 | C20: SSOP-28 | D20: =Inclusive!F27 -> C51680
A21: Serial USB bridge | B21: IC2 | C21: SSOP-16 | D21: =Inclusive!F28 -> C69082
A22: GP Opamp | B22: IC1, IC4 | C22: SOT23-5 | D22: =Inclusive!F29 -> C131974
A23: 2N2222 NPN | B23: Q1 | C23: SOT-23 | D23: =Inclusive!F30 -> C2898686
A24: Linear Voltage Regulator IC 1 Output 250mA SOT-23A-3 | B24: MCP1703 | C24: SOT-23 | D24: =Inclusive!F31 -> C50754
A25: Audio Amp | B25: IC6 | C25: SOIC-8 | D25: =Inclusive!F32 -> C2860743
A26: Green SM | B26: LED3 | C26: 1206D | D26: =Inclusive!F33 -> C2984261
A27: Red SM | B27: LED6 | C27: 1206D | D27: =Inclusive!F34 -> C434442
A28: IR LED | B28: LED5 | C28: 1206D
A29: RGB LED | B29: LED4 | C29: PLCC-4 | D29: =Inclusive!F36 -> C5355897
A30: Hall Effect | B30: IC3 | C30: SOT-23-3 | D30: =Inclusive!F37 -> C962159

Sheet LCSC Part#
